status,product_area,response,justification,request_type
escalated,claude (team-and-enterprise-plans),This issue requires review by our support team.,"The issue was matched with relevant support documentation (similarity score: 0.56). Risk level was assessed as high. The issue was escalated because it is sensitive, high-risk, or not safe to answer directly from the retrieved documentation.",product_issue
escalated,hackerrank (integrations),This issue requires review by our support team.,"The issue was matched with relevant support documentation (similarity score: 0.6). Risk level was assessed as high. The issue was escalated because it is sensitive, high-risk, or not safe to answer directly from the retrieved documentation.",product_issue
escalated,visa (support),This issue requires review by our support team.,"The issue was matched with relevant support documentation (similarity score: 0.69). Risk level was assessed as high. The issue was escalated because it is sensitive, high-risk, or not safe to answer directly from the retrieved documentation.",product_issue
escalated,hackerrank (hackerrank_community),This issue requires review by our support team.,"The issue was matched with relevant support documentation (similarity score: 0.63). Risk level was assessed as high. The issue was escalated because it is sensitive, high-risk, or not safe to answer directly from the retrieved documentation.",bug
replied,hackerrank (general-help),"Here's what you can try:
feedback continues to drive our innovations forward. If you have questions or need assistance, email support@hackerrank.com or contact your account manager.

If this doesn't resolve your issue, please contact support.",The issue was matched with relevant support documentation (similarity score: 0.5). Risk level was assessed as low. The issue was answered directly because the retrieved documentation was relevant and the risk level was low.,product_issue
replied,hackerrank (screen),I couldn't find a clear solution for this issue. Please contact support.,The issue was matched with relevant support documentation (similarity score: 0.7). Risk level was assessed as low. The issue was answered directly because the retrieved documentation was relevant and the risk level was low.,product_issue
replied,hackerrank (hackerrank_community),"Here's what you can try:
Log in to the same HackerRank Community account you used to participate in the challenge. Results do not appear across different accounts. 4. Contact HackerRank support at help@hackerrank.com if you are still facing an issue with challenge results. Note: If you take part in a company-sponsored challenge, HackerRank does not display the results. The company that hosts the challenge contacts you directly with the results or next steps. Can I view the output of my code in coding questions? Yes. Use the Run Code button in the built-in editor to test your program and view the output before submitting your solution.

If this doesn't resolve your issue, please contact support.",The issue was matched with relevant support documentation (similarity score: 0.62). Risk level was assessed as low. The issue was answered directly because the retrieved documentation was relevant and the risk level was low.,bug
replied,hackerrank (hackerrank_community),"Here's what you can try:
Log in to the same HackerRank Community account you used to participate in the challenge. Results do not appear across different accounts. 4. Contact HackerRank support at help@hackerrank.com if you are still facing an issue with challenge results. Note: If you take part in a company-sponsored challenge, HackerRank does not display the results. The company that hosts the challenge contacts you directly with the results or next steps. Can I view the output of my code in coding questions? Yes. Use the Run Code button in the built-in editor to test your program and view the output before submitting your solution.

If this doesn't resolve your issue, please contact support.",The issue was matched with relevant support documentation (similarity score: 0.69). Risk level was assessed as low. The issue was answered directly because the retrieved documentation was relevant and the risk level was low.,product_issue
replied,hackerrank (screen),"Here's what you can try:
the HackerRank Desktop App, see Attempting Tests Using the HackerRank Desktop App. - If you experience any issues during the assessment, contact support@hackerrank.com.

If this doesn't resolve your issue, please contact support.",The issue was matched with relevant support documentation (similarity score: 0.51). Risk level was assessed as low. The issue was answered directly because the retrieved documentation was relevant and the risk level was low.,bug
replied,hackerrank (general-help),"Here's what you can try:
for specific candidates in a test, see Set an expiry date. Need support? - Visit the HackerRank Status page for real-time updates during the maintenance window. - For assistance, contact support@hackerrank.com.

If this doesn't resolve your issue, please contact support.",The issue was matched with relevant support documentation (similarity score: 0.68). Risk level was assessed as low. The issue was answered directly because the retrieved documentation was relevant and the risk level was low.,feature_request
replied,hackerrank (interviews),I couldn't find a clear solution for this issue. Please contact support.,The issue was matched with relevant support documentation (similarity score: 0.58). Risk level was assessed as low. The issue was answered directly because the retrieved documentation was relevant and the risk level was low.,product_issue
escalated,hackerrank (library),This issue requires review by our support team.,"The issue was matched with relevant support documentation (similarity score: 0.39). Risk level was assessed as low. The issue was escalated because it is sensitive, high-risk, or not safe to answer directly from the retrieved documentation.",bug
replied,hackerrank (interviews),I couldn't find a clear solution for this issue. Please contact support.,The issue was matched with relevant support documentation (similarity score: 0.53). Risk level was assessed as low. The issue was answered directly because the retrieved documentation was relevant and the risk level was low.,product_issue
replied,hackerrank (settings),"Here's what you can try:
continue the hiring process. 3. Escalate the issue to HackerRank Support on behalf of the candidate if you believe a platform-related problem affected their performance. Include the following details in your support request: - Candidate’s email address - Test or interview name - Approximate date and time of the issue - Feedback or comments from the candidate Following this workflow helps ensure a fair, efficient, and privacy-compliant candidate experience. Note: HackerRank recommends re-inviting the candidate to retake the test or interview if their experience was disrupted.

If this doesn't resolve your issue, please contact support.",The issue was matched with relevant support documentation (similarity score: 0.61). Risk level was assessed as low. The issue was answered directly because the retrieved documentation was relevant and the risk level was low.,product_issue
replied,claude (claude),I couldn't find a clear solution for this issue. Please contact support.,The issue was matched with relevant support documentation (similarity score: 0.64). Risk level was assessed as low. The issue was answered directly because the retrieved documentation was relevant and the risk level was low.,feature_request
escalated,visa (support),This issue requires review by our support team.,"The issue was matched with relevant support documentation (similarity score: 0.66). Risk level was assessed as high. The issue was escalated because it is sensitive, high-risk, or not safe to answer directly from the retrieved documentation.",product_issue
replied,hackerrank (hackerrank_community),"Here's what you can try:
Personal Information: Enter your name, contact details, and address. Use the Links section to add URLs for GitHub, LinkedIn, HackerRank, CodeChef, LeetCode, CodeForces, Portfolio, Blog, and Stack Overflow. - Experience: List job titles, employers, dates, and key responsibilities. - Education: Provide degree details, institutions, and graduation dates. - Skills: Add technical skills such as programming languages, frameworks, tools, platforms, and databases. - Projects: Highlight key projects with descriptions and outcomes. - Certificates: Add professional certifications. - Additional: Add honors and awards. 8. View a real-time preview of your resume on the right-hand side.

If this doesn't resolve your issue, please contact support.",The issue was matched with relevant support documentation (similarity score: 0.72). Risk level was assessed as low. The issue was answered directly because the retrieved documentation was relevant and the risk level was low.,product_issue
replied,hackerrank (hackerrank_community),"Here's what you can try:
Confirm submission by clicking Yes, close this test. You will not be able to make additional changes after submission. View certification status To check your certification status: 1. Go to the Certify tab and locate the relevant certification. 2. Click View Status to display your certification results. - If you fail, click Re-Take Test to attempt the test again. - If you pass, download or share your HackerRank certificate. For more information, refer to the 📄 Download Certificate.

If this doesn't resolve your issue, please contact support.",The issue was matched with relevant support documentation (similarity score: 0.7). Risk level was assessed as low. The issue was answered directly because the retrieved documentation was relevant and the risk level was low.,product_issue
escalated,visa (support),This issue requires review by our support team.,"The issue was matched with relevant support documentation (similarity score: 0.68). Risk level was assessed as high. The issue was escalated because it is sensitive, high-risk, or not safe to answer directly from the retrieved documentation.",product_issue
escalated,claude (claude),This issue requires review by our support team.,"The issue was matched with relevant support documentation (similarity score: 0.67). Risk level was assessed as high. The issue was escalated because it is sensitive, high-risk, or not safe to answer directly from the retrieved documentation.",bug
replied,claude (claude),"Here's what you can try:
uses web search, include ""Search the web"" or ""Use web search"" in your prompt to Claude. - You can also instruct Claude not to use web search in the prompt. 3. Request multiple sources: Claude can gather and synthesize information from various sources to give you a comprehensive view. 4. Verify important information: While Claude strives for accuracy: - Cross-reference cited sources to understand the full picture. - Use authoritative sources for critical decisions. Limitations - Search availability may vary based on connectivity. - Occasionally, website links may not function. - Claude may use your location (inferred from your IP address) when responding to a request for localized results.

If this doesn't resolve your issue, please contact support.",The issue was matched with relevant support documentation (similarity score: 0.66). Risk level was assessed as low. The issue was answered directly because the retrieved documentation was relevant and the risk level was low.,feature_request
replied,visa (support),"Here's what you can try:
PIN, reapply for a new one. Make a copy of everything in your wallet Keep a record of card account numbers and telephone numbers for reporting lost or stolen cards. But remember to keep this information in a safe place. Always keep your credit card number and the three-digit CVV2 code on the back of your Visa card confidential. Get in touch with your bank Check that your bank or credit card company has updated contact information. Tell them where and when you’ll be travelling – so that your card isn’t flagged for unusual activity.

If this doesn't resolve your issue, please contact support.",The issue was matched with relevant support documentation (similarity score: 0.52). Risk level was assessed as low. The issue was answered directly because the retrieved documentation was relevant and the risk level was low.,product_issue
replied,claude (claude),"Here's what you can try:
Auto-compaction: We automatically compact longer conversations into new conversations to avoid running out of context. - Overwrite protection: To avoid accidental data loss, Claude warns you before overwriting existing content. > Note: Your use of Claude for Word is associated with your existing Claude account and is subject to the same usage limits. --- Current limitations For Claude for Word use, we automatically delete inputs and outputs on our backend within 30 days of receipt or generation, except in cases outlined in How long do you store my organization’s data?

If this doesn't resolve your issue, please contact support.",The issue was matched with relevant support documentation (similarity score: 0.6). Risk level was assessed as low. The issue was answered directly because the retrieved documentation was relevant and the risk level was low.,product_issue
replied,claude (pro-and-max-plans),I couldn't find a clear solution for this issue. Please contact support.,The issue was matched with relevant support documentation (similarity score: 0.41). Risk level was assessed as low. The issue was answered directly because the retrieved documentation was relevant and the risk level was low.,product_issue
escalated,visa (support),This issue requires review by our support team.,"The issue was matched with relevant support documentation (similarity score: 0.4). Risk level was assessed as high. The issue was escalated because it is sensitive, high-risk, or not safe to answer directly from the retrieved documentation.",product_issue
replied,claude (amazon-bedrock),I couldn't find a clear solution for this issue. Please contact support.,The issue was matched with relevant support documentation (similarity score: 0.67). Risk level was assessed as low. The issue was answered directly because the retrieved documentation was relevant and the risk level was low.,feature_request
replied,hackerrank (hackerrank_community),"Here's what you can try:
not receive the activation email? If you do not receive the activation email: - Check your Spam or Junk folder. - Verify that you entered the correct email address during sign-up. If you still do not receive the email, contact HackerRank support at help@hackerrank.com for assistance. Merge multiple HackerRank accounts Are certifications merged when I combine multiple accounts? No. HackerRank does not merge certifications across accounts. Delete an account How do I delete an account created using Google or GitHub if I do not have a password? HackerRank does not store a separate password for your account if you sign up using a third-party provider such as Google or GitHub.

If this doesn't resolve your issue, please contact support.",The issue was matched with relevant support documentation (similarity score: 0.58). Risk level was assessed as low. The issue was answered directly because the retrieved documentation was relevant and the risk level was low.,feature_request
replied,claude (claude),"Here's what you can try:
Using Claude for Education at Your University](https://support.claude.com/en/articles/11139144-faqs-on-using-claude-for-education-at-your-university) - Using Claude in Slack - Logging in to your Claude account - Get started with Claude Cowork

If this doesn't resolve your issue, please contact support.",The issue was matched with relevant support documentation (similarity score: 0.56). Risk level was assessed as low. The issue was answered directly because the retrieved documentation was relevant and the risk level was low.,product_issue
replied,visa (support),"Here's what you can try:
may be included in their merchant discount rate. Download the Interlink Interchange Reimbursement Fees ------------------------------------------------------------------------ Merchant credit surcharging Learn more about card surcharge fees Download the FAQ Before you start Merchants must notify Visa and their acquirer 30 days before they begin surcharging. Notify Visa now Surcharge considerations Factors you should take into account when considering surcharges.

If this doesn't resolve your issue, please contact support.",The issue was matched with relevant support documentation (similarity score: 0.54). Risk level was assessed as low. The issue was answered directly because the retrieved documentation was relevant and the risk level was low.,product_issue
